Workbook

Sheet Executive_Summary
A1: Cross-Bridge Bytecode Vulnerability Detection — Executive Summary
A2: Combines CCIP, Axelar, Hyperlane, Wormhole and LayerZero unobfuscated bridge bytecode analysis.
A4: KEY METRICS (ALL 5 PROTOCOLS COMBINED)
A5: ="Total addresses queried: "&SUM(Protocol_Comparison!B4:B8)&" | Total analyzed contracts: "&SUM(Protocol_Comparison!D4:D8) -> #REF!
A6: ="Combined analyzed rate: "&TEXT(SUM(Protocol_Comparison!D4:D8)/SUM(Protocol_Comparison!B4:B8),"0.0%") -> #REF!
A7: ="Combined overall vulnerable rate: "&TEXT(Protocol_Comparison!F10,"0.0%")&" (of all analyzed contracts across protocols)" -> #REF!
A8: ="Combined MAIAN flag rate: "&TEXT(Protocol_Comparison!G10,"0.0%")&" Combined Mythril flag rate: "&TEXT(Protocol_Comparison!H10,"0.0%") -> #REF!
A9: ="Combined Jaccard (MAIAN, Mythril): "&TEXT(Protocol_Comparison!I10,"0.0000") -> #REF!
A11: RANKINGS
A12: ="Highest overall-vulnerable rate: "&INDEX(Protocol_Comparison!A4:A8,MATCH(MAX(Protocol_Comparison!F4:F8),Protocol_Comparison!F4:F8,0))&" ("&TEXT(MAX(Protocol_Comparison!F4:F8),"0.0%")&")" -> #REF!
A13: ="Lowest overall-vulnerable rate: "&INDEX(Protocol_Comparison!A4:A8,MATCH(MIN(Protocol_Comparison!F4:F8),Protocol_Comparison!F4:F8,0))&" ("&TEXT(MIN(Protocol_Comparison!F4:F8),"0.0%")&")" -> #REF!
A14: ="Highest tool agreement (Jaccard): "&INDEX(Protocol_Comparison!A4:A8,MATCH(MAX(Protocol_Comparison!I4:I8),Protocol_Comparison!I4:I8,0))&" ("&TEXT(MAX(Protocol_Comparison!I4:I8),"0.0000")&")" -> #REF!
A15: ="Lowest tool agreement (Jaccard): "&INDEX(Protocol_Comparison!A4:A8,MATCH(MIN(Protocol_Comparison!I4:I8),Protocol_Comparison!I4:I8,0))&" ("&TEXT(MIN(Protocol_Comparison!I4:I8),"0.0000")&")" -> #REF!
A16: ="Highest analyzed rate (queried -> resolved): "&INDEX(Protocol_Comparison!A4:A8,MATCH(MAX(Protocol_Comparison!J4:J8),Protocol_Comparison!J4:J8,0))&" ("&TEXT(MAX(Protocol_Comparison!J4:J8),"0.0%")&")" -> #REF!
A17: ="Lowest analyzed rate (queried -> resolved): "&INDEX(Protocol_Comparison!A4:A8,MATCH(MIN(Protocol_Comparison!J4:J8),Protocol_Comparison!J4:J8,0))&" ("&TEXT(MIN(Protocol_Comparison!J4:J8),"0.0%")&")" -> #REF!

Sheet Formula_Definitions
A1: Metric | B1: Formula | C1: Interpretation
A2: Analyzed contracts | B2: COUNTIFS(Protocol=p, Has_Bytecode=1) | C2: Contracts where detection actually ran (bytecode text present, or a flag/Vulnerable=Yes recorded even if bytecode text is blank in export)
A3: Overall Vulnerable % | B3: COUNTIFS(Protocol=p, Has_Bytecode=1, Vulnerable="Yes") / Analyzed | C3: Share of analyzed contracts flagged by >=1 tool, per protocol
A4: Category Prevalence % | B4: COUNTIFS(Protocol=p, Has_Bytecode=1, category<>"") / Analyzed | C4: Share of a protocol's analyzed contracts flagged for one vulnerability category
A5: Tool Flag Rate % | B5: COUNTIFS(Protocol=p, Has_Bytecode=1, Tool_Flag=1) / Analyzed | C5: Share of analyzed contracts flagged by a given tool (Mythril or MAIAN), regardless of category
A6: Jaccard Index J(MAIAN,Mythril) | B6: Both / (Both + OnlyMAIAN + OnlyMythril) | C6: Overlap between the two tools' flagged sets per protocol; 0=no overlap, 1=identical sets
A7: Analyzed % | B7: Analyzed / Addresses Queried | C7: Share of queried addresses that resolved to an actual on-chain contract with recorded detection results

Sheet Protocol_Comparison
A1: Cross-Protocol Comparison — Bridge Bytecode Vulnerability Detection
A3: Protocol | B3: Addresses Queried | C3: Chains | D3: Analyzed | E3: Not Analyzed | F3: Overall Vulnerable % | G3: MAIAN Flag % | H3: Mythril Flag % | I3: Jaccard(M,My) | J3: Analyzed %
A4: CCIP | B4: =COUNTIF(#REF!,A4) -> #REF! | C4: 22 | D4: =COUNTIFS(#REF!,A4,#REF!,1) -> #REF! | E4: =B4-D4 -> #REF! | F4: =IF(D4=0,0,COUNTIFS(#REF!,A4,#REF!,1,#REF!,"Yes")/D4) -> #REF! | G4: =IF(D4=0,0,COUNTIFS(#REF!,A4,#REF!,1,#REF!,1)/D4) -> #REF! | H4: =IF(D4=0,0,COUNTIFS(#REF!,A4,#REF!,1,#REF!,1)/D4) -> #REF! | I4: =IF((COUNTIFS(#REF!,A4,#REF!,1,#REF!,1,#REF!,1))+(COUNTIFS(#REF!,A4,#REF!,1,#REF!,1,#REF!,0))+(COUNTIFS(#REF!,A4,#REF!,1,#REF!,0,#REF!,1))=0,0,(COUNTIFS(#REF!,A4,#REF!,1,#REF!,1,#REF!,1))/((COUNTIFS(#REF!,A4,#REF!,1,#REF!,1,#REF!,1))+(COUNTIFS(#REF!,A4,#REF!,1,#REF!,1,#REF!,0))+(COUNTIFS(#REF!,A4,#REF!,1,#REF!,0,#REF!,1)))) -> #REF! | J4: =IF(B4=0,0,D4/B4) -> #REF!
A5: Axelar | B5: =COUNTIF(#REF!,A5) -> #REF! | C5: 26 | D5: =COUNTIFS(#REF!,A5,#REF!,1) -> #REF! | E5: =B5-D5 -> #REF! | F5: =IF(D5=0,0,COUNTIFS(#REF!,A5,#REF!,1,#REF!,"Yes")/D5) -> #REF! | G5: =IF(D5=0,0,COUNTIFS(#REF!,A5,#REF!,1,#REF!,1)/D5) -> #REF! | H5: =IF(D5=0,0,COUNTIFS(#REF!,A5,#REF!,1,#REF!,1)/D5) -> #REF! | I5: =IF((COUNTIFS(#REF!,A5,#REF!,1,#REF!,1,#REF!,1))+(COUNTIFS(#REF!,A5,#REF!,1,#REF!,1,#REF!,0))+(COUNTIFS(#REF!,A5,#REF!,1,#REF!,0,#REF!,1))=0,0,(COUNTIFS(#REF!,A5,#REF!,1,#REF!,1,#REF!,1))/((COUNTIFS(#REF!,A5,#REF!,1,#REF!,1,#REF!,1))+(COUNTIFS(#REF!,A5,#REF!,1,#REF!,1,#REF!,0))+(COUNTIFS(#REF!,A5,#REF!,1,#REF!,0,#REF!,1)))) -> #REF! | J5: =IF(B5=0,0,D5/B5) -> #REF!
A6: Hyperlane | B6: =COUNTIF(#REF!,A6) -> #REF! | C6: 1 | D6: =COUNTIFS(#REF!,A6,#REF!,1) -> #REF! | E6: =B6-D6 -> #REF! | F6: =IF(D6=0,0,COUNTIFS(#REF!,A6,#REF!,1,#REF!,"Yes")/D6) -> #REF! | G6: =IF(D6=0,0,COUNTIFS(#REF!,A6,#REF!,1,#REF!,1)/D6) -> #REF! | H6: =IF(D6=0,0,COUNTIFS(#REF!,A6,#REF!,1,#REF!,1)/D6) -> #REF! | I6: =IF((COUNTIFS(#REF!,A6,#REF!,1,#REF!,1,#REF!,1))+(COUNTIFS(#REF!,A6,#REF!,1,#REF!,1,#REF!,0))+(COUNTIFS(#REF!,A6,#REF!,1,#REF!,0,#REF!,1))=0,0,(COUNTIFS(#REF!,A6,#REF!,1,#REF!,1,#REF!,1))/((COUNTIFS(#REF!,A6,#REF!,1,#REF!,1,#REF!,1))+(COUNTIFS(#REF!,A6,#REF!,1,#REF!,1,#REF!,0))+(COUNTIFS(#REF!,A6,#REF!,1,#REF!,0,#REF!,1)))) -> #REF! | J6: =IF(B6=0,0,D6/B6) -> #REF!
A7: Wormhole | B7: =COUNTIF(#REF!,A7) -> #REF! | C7: 12 | D7: =COUNTIFS(#REF!,A7,#REF!,1) -> #REF! | E7: =B7-D7 -> #REF! | F7: =IF(D7=0,0,COUNTIFS(#REF!,A7,#REF!,1,#REF!,"Yes")/D7) -> #REF! | G7: =IF(D7=0,0,COUNTIFS(#REF!,A7,#REF!,1,#REF!,1)/D7) -> #REF! | H7: =IF(D7=0,0,COUNTIFS(#REF!,A7,#REF!,1,#REF!,1)/D7) -> #REF! | I7: =IF((COUNTIFS(#REF!,A7,#REF!,1,#REF!,1,#REF!,1))+(COUNTIFS(#REF!,A7,#REF!,1,#REF!,1,#REF!,0))+(COUNTIFS(#REF!,A7,#REF!,1,#REF!,0,#REF!,1))=0,0,(COUNTIFS(#REF!,A7,#REF!,1,#REF!,1,#REF!,1))/((COUNTIFS(#REF!,A7,#REF!,1,#REF!,1,#REF!,1))+(COUNTIFS(#REF!,A7,#REF!,1,#REF!,1,#REF!,0))+(COUNTIFS(#REF!,A7,#REF!,1,#REF!,0,#REF!,1)))) -> #REF! | J7: =IF(B7=0,0,D7/B7) -> #REF!
A8: LayerZero | B8: =COUNTIF(#REF!,A8) -> #REF! | C8: 1 | D8: =COUNTIFS(#REF!,A8,#REF!,1) -> #REF! | E8: =B8-D8 -> #REF! | F8: =IF(D8=0,0,COUNTIFS(#REF!,A8,#REF!,1,#REF!,"Yes")/D8) -> #REF! | G8: =IF(D8=0,0,COUNTIFS(#REF!,A8,#REF!,1,#REF!,1)/D8) -> #REF! | H8: =IF(D8=0,0,COUNTIFS(#REF!,A8,#REF!,1,#REF!,1)/D8) -> #REF! | I8: =IF((COUNTIFS(#REF!,A8,#REF!,1,#REF!,1,#REF!,1))+(COUNTIFS(#REF!,A8,#REF!,1,#REF!,1,#REF!,0))+(COUNTIFS(#REF!,A8,#REF!,1,#REF!,0,#REF!,1))=0,0,(COUNTIFS(#REF!,A8,#REF!,1,#REF!,1,#REF!,1))/((COUNTIFS(#REF!,A8,#REF!,1,#REF!,1,#REF!,1))+(COUNTIFS(#REF!,A8,#REF!,1,#REF!,1,#REF!,0))+(COUNTIFS(#REF!,A8,#REF!,1,#REF!,0,#REF!,1)))) -> #REF! | J8: =IF(B8=0,0,D8/B8) -> #REF!
A10: TOTAL / ALL | B10: =SUM(B4:B8) -> #REF! | C10: =SUM(C4:C8) -> 62 | D10: =SUM(D4:D8) -> #REF! | E10: =SUM(E4:E8) -> #REF! | F10: =IF(D10=0,0,COUNTIFS(#REF!,1,#REF!,"Yes")/D10) -> #REF! | G10: =IF(D10=0,0,COUNTIFS(#REF!,1,#REF!,1)/D10) -> #REF! | H10: =IF(D10=0,0,COUNTIFS(#REF!,1,#REF!,1)/D10) -> #REF! | I10: =IF((COUNTIFS(#REF!,1,#REF!,1,#REF!,1))+(COUNTIFS(#REF!,1,#REF!,1,#REF!,0))+(COUNTIFS(#REF!,1,#REF!,0,#REF!,1))=0,0,(COUNTIFS(#REF!,1,#REF!,1,#REF!,1))/((COUNTIFS(#REF!,1,#REF!,1,#REF!,1))+(COUNTIFS(#REF!,1,#REF!,1,#REF!,0))+(COUNTIFS(#REF!,1,#REF!,0,#REF!,1)))) -> #REF! | J10: =IF(B10=0,0,D10/B10) -> #REF!

Sheet Per_Vulnerability_Comparison
A1: Per-Vulnerability Prevalence % — All Protocols
A2: Prevalence % = category detections / analyzed contracts, per protocol
A4: Category | B4: CCIP | C4: Axelar | D4: Hyperlane | E4: Wormhole | F4: LayerZero
A5: Reentrancy | B5: =IF((COUNTIFS(#REF!,"CCIP",#REF!,1))=0,0,(COUNTIFS(#REF!,"CCIP",#REF!,1,#REF!,"<>"))/(COUNTIFS(#REF!,"CCIP",#REF!,1))) -> #REF! | C5: =IF((COUNTIFS(#REF!,"Axelar",#REF!,1))=0,0,(COUNTIFS(#REF!,"Axelar",#REF!,1,#REF!,"<>"))/(COUNTIFS(#REF!,"Axelar",#REF!,1))) -> #REF! | D5: =IF((COUNTIFS(#REF!,"Hyperlane",#REF!,1))=0,0,(COUNTIFS(#REF!,"Hyperlane",#REF!,1,#REF!,"<>"))/(COUNTIFS(#REF!,"Hyperlane",#REF!,1))) -> #REF! | E5: =IF((COUNTIFS(#REF!,"Wormhole",#REF!,1))=0,0,(COUNTIFS(#REF!,"Wormhole",#REF!,1,#REF!,"<>"))/(COUNTIFS(#REF!,"Wormhole",#REF!,1))) -> #REF! | F5: =IF((COUNTIFS(#REF!,"LayerZero",#REF!,1))=0,0,(COUNTIFS(#REF!,"LayerZero",#REF!,1,#REF!,"<>"))/(COUNTIFS(#REF!,"LayerZero",#REF!,1))) -> #REF!
A6: Integer | B6: =IF((COUNTIFS(#REF!,"CCIP",#REF!,1))=0,0,(COUNTIFS(#REF!,"CCIP",#REF!,1,#REF!,"<>"))/(COUNTIFS(#REF!,"CCIP",#REF!,1))) -> #REF! | C6: =IF((COUNTIFS(#REF!,"Axelar",#REF!,1))=0,0,(COUNTIFS(#REF!,"Axelar",#REF!,1,#REF!,"<>"))/(COUNTIFS(#REF!,"Axelar",#REF!,1))) -> #REF! | D6: =IF((COUNTIFS(#REF!,"Hyperlane",#REF!,1))=0,0,(COUNTIFS(#REF!,"Hyperlane",#REF!,1,#REF!,"<>"))/(COUNTIFS(#REF!,"Hyperlane",#REF!,1))) -> #REF! | E6: =IF((COUNTIFS(#REF!,"Wormhole",#REF!,1))=0,0,(COUNTIFS(#REF!,"Wormhole",#REF!,1,#REF!,"<>"))/(COUNTIFS(#REF!,"Wormhole",#REF!,1))) -> #REF! | F6: =IF((COUNTIFS(#REF!,"LayerZero",#REF!,1))=0,0,(COUNTIFS(#REF!,"LayerZero",#REF!,1,#REF!,"<>"))/(COUNTIFS(#REF!,"LayerZero",#REF!,1))) -> #REF!
A7: Access Control | B7: =IF((COUNTIFS(#REF!,"CCIP",#REF!,1))=0,0,(COUNTIFS(#REF!,"CCIP",#REF!,1,#REF!,"<>"))/(COUNTIFS(#REF!,"CCIP",#REF!,1))) -> #REF! | C7: =IF((COUNTIFS(#REF!,"Axelar",#REF!,1))=0,0,(COUNTIFS(#REF!,"Axelar",#REF!,1,#REF!,"<>"))/(COUNTIFS(#REF!,"Axelar",#REF!,1))) -> #REF! | D7: =IF((COUNTIFS(#REF!,"Hyperlane",#REF!,1))=0,0,(COUNTIFS(#REF!,"Hyperlane",#REF!,1,#REF!,"<>"))/(COUNTIFS(#REF!,"Hyperlane",#REF!,1))) -> #REF! | E7: =IF((COUNTIFS(#REF!,"Wormhole",#REF!,1))=0,0,(COUNTIFS(#REF!,"Wormhole",#REF!,1,#REF!,"<>"))/(COUNTIFS(#REF!,"Wormhole",#REF!,1))) -> #REF! | F7: =IF((COUNTIFS(#REF!,"LayerZero",#REF!,1))=0,0,(COUNTIFS(#REF!,"LayerZero",#REF!,1,#REF!,"<>"))/(COUNTIFS(#REF!,"LayerZero",#REF!,1))) -> #REF!
A8: Delegatecall | B8: =IF((COUNTIFS(#REF!,"CCIP",#REF!,1))=0,0,(COUNTIFS(#REF!,"CCIP",#REF!,1,#REF!,"<>"))/(COUNTIFS(#REF!,"CCIP",#REF!,1))) -> #REF! | C8: =IF((COUNTIFS(#REF!,"Axelar",#REF!,1))=0,0,(COUNTIFS(#REF!,"Axelar",#REF!,1,#REF!,"<>"))/(COUNTIFS(#REF!,"Axelar",#REF!,1))) -> #REF! | D8: =IF((COUNTIFS(#REF!,"Hyperlane",#REF!,1))=0,0,(COUNTIFS(#REF!,"Hyperlane",#REF!,1,#REF!,"<>"))/(COUNTIFS(#REF!,"Hyperlane",#REF!,1))) -> #REF! | E8: =IF((COUNTIFS(#REF!,"Wormhole",#REF!,1))=0,0,(COUNTIFS(#REF!,"Wormhole",#REF!,1,#REF!,"<>"))/(COUNTIFS(#REF!,"Wormhole",#REF!,1))) -> #REF! | F8: =IF((COUNTIFS(#REF!,"LayerZero",#REF!,1))=0,0,(COUNTIFS(#REF!,"LayerZero",#REF!,1,#REF!,"<>"))/(COUNTIFS(#REF!,"LayerZero",#REF!,1))) -> #REF!
A9: Unchecked Call | B9: =IF((COUNTIFS(#REF!,"CCIP",#REF!,1))=0,0,(COUNTIFS(#REF!,"CCIP",#REF!,1,#REF!,"<>"))/(COUNTIFS(#REF!,"CCIP",#REF!,1))) -> #REF! | C9: =IF((COUNTIFS(#REF!,"Axelar",#REF!,1))=0,0,(COUNTIFS(#REF!,"Axelar",#REF!,1,#REF!,"<>"))/(COUNTIFS(#REF!,"Axelar",#REF!,1))) -> #REF! | D9: =IF((COUNTIFS(#REF!,"Hyperlane",#REF!,1))=0,0,(COUNTIFS(#REF!,"Hyperlane",#REF!,1,#REF!,"<>"))/(COUNTIFS(#REF!,"Hyperlane",#REF!,1))) -> #REF! | E9: =IF((COUNTIFS(#REF!,"Wormhole",#REF!,1))=0,0,(COUNTIFS(#REF!,"Wormhole",#REF!,1,#REF!,"<>"))/(COUNTIFS(#REF!,"Wormhole",#REF!,1))) -> #REF! | F9: =IF((COUNTIFS(#REF!,"LayerZero",#REF!,1))=0,0,(COUNTIFS(#REF!,"LayerZero",#REF!,1,#REF!,"<>"))/(COUNTIFS(#REF!,"LayerZero",#REF!,1))) -> #REF!
A10: Timestamp | B10: =IF((COUNTIFS(#REF!,"CCIP",#REF!,1))=0,0,(COUNTIFS(#REF!,"CCIP",#REF!,1,#REF!,"<>"))/(COUNTIFS(#REF!,"CCIP",#REF!,1))) -> #REF! | C10: =IF((COUNTIFS(#REF!,"Axelar",#REF!,1))=0,0,(COUNTIFS(#REF!,"Axelar",#REF!,1,#REF!,"<>"))/(COUNTIFS(#REF!,"Axelar",#REF!,1))) -> #REF! | D10: =IF((COUNTIFS(#REF!,"Hyperlane",#REF!,1))=0,0,(COUNTIFS(#REF!,"Hyperlane",#REF!,1,#REF!,"<>"))/(COUNTIFS(#REF!,"Hyperlane",#REF!,1))) -> #REF! | E10: =IF((COUNTIFS(#REF!,"Wormhole",#REF!,1))=0,0,(COUNTIFS(#REF!,"Wormhole",#REF!,1,#REF!,"<>"))/(COUNTIFS(#REF!,"Wormhole",#REF!,1))) -> #REF! | F10: =IF((COUNTIFS(#REF!,"LayerZero",#REF!,1))=0,0,(COUNTIFS(#REF!,"LayerZero",#REF!,1,#REF!,"<>"))/(COUNTIFS(#REF!,"LayerZero",#REF!,1))) -> #REF!
A11: TOD | B11: =IF((COUNTIFS(#REF!,"CCIP",#REF!,1))=0,0,(COUNTIFS(#REF!,"CCIP",#REF!,1,#REF!,"<>"))/(COUNTIFS(#REF!,"CCIP",#REF!,1))) -> #REF! | C11: =IF((COUNTIFS(#REF!,"Axelar",#REF!,1))=0,0,(COUNTIFS(#REF!,"Axelar",#REF!,1,#REF!,"<>"))/(COUNTIFS(#REF!,"Axelar",#REF!,1))) -> #REF! | D11: =IF((COUNTIFS(#REF!,"Hyperlane",#REF!,1))=0,0,(COUNTIFS(#REF!,"Hyperlane",#REF!,1,#REF!,"<>"))/(COUNTIFS(#REF!,"Hyperlane",#REF!,1))) -> #REF! | E11: =IF((COUNTIFS(#REF!,"Wormhole",#REF!,1))=0,0,(COUNTIFS(#REF!,"Wormhole",#REF!,1,#REF!,"<>"))/(COUNTIFS(#REF!,"Wormhole",#REF!,1))) -> #REF! | F11: =IF((COUNTIFS(#REF!,"LayerZero",#REF!,1))=0,0,(COUNTIFS(#REF!,"LayerZero",#REF!,1,#REF!,"<>"))/(COUNTIFS(#REF!,"LayerZero",#REF!,1))) -> #REF!
A12: DoS | B12: =IF((COUNTIFS(#REF!,"CCIP",#REF!,1))=0,0,(COUNTIFS(#REF!,"CCIP",#REF!,1,#REF!,"<>"))/(COUNTIFS(#REF!,"CCIP",#REF!,1))) -> #REF! | C12: =IF((COUNTIFS(#REF!,"Axelar",#REF!,1))=0,0,(COUNTIFS(#REF!,"Axelar",#REF!,1,#REF!,"<>"))/(COUNTIFS(#REF!,"Axelar",#REF!,1))) -> #REF! | D12: =IF((COUNTIFS(#REF!,"Hyperlane",#REF!,1))=0,0,(COUNTIFS(#REF!,"Hyperlane",#REF!,1,#REF!,"<>"))/(COUNTIFS(#REF!,"Hyperlane",#REF!,1))) -> #REF! | E12: =IF((COUNTIFS(#REF!,"Wormhole",#REF!,1))=0,0,(COUNTIFS(#REF!,"Wormhole",#REF!,1,#REF!,"<>"))/(COUNTIFS(#REF!,"Wormhole",#REF!,1))) -> #REF! | F12: =IF((COUNTIFS(#REF!,"LayerZero",#REF!,1))=0,0,(COUNTIFS(#REF!,"LayerZero",#REF!,1,#REF!,"<>"))/(COUNTIFS(#REF!,"LayerZero",#REF!,1))) -> #REF!
A13: Selfdestruct | B13: =IF((COUNTIFS(#REF!,"CCIP",#REF!,1))=0,0,(COUNTIFS(#REF!,"CCIP",#REF!,1,#REF!,"<>"))/(COUNTIFS(#REF!,"CCIP",#REF!,1))) -> #REF! | C13: =IF((COUNTIFS(#REF!,"Axelar",#REF!,1))=0,0,(COUNTIFS(#REF!,"Axelar",#REF!,1,#REF!,"<>"))/(COUNTIFS(#REF!,"Axelar",#REF!,1))) -> #REF! | D13: =IF((COUNTIFS(#REF!,"Hyperlane",#REF!,1))=0,0,(COUNTIFS(#REF!,"Hyperlane",#REF!,1,#REF!,"<>"))/(COUNTIFS(#REF!,"Hyperlane",#REF!,1))) -> #REF! | E13: =IF((COUNTIFS(#REF!,"Wormhole",#REF!,1))=0,0,(COUNTIFS(#REF!,"Wormhole",#REF!,1,#REF!,"<>"))/(COUNTIFS(#REF!,"Wormhole",#REF!,1))) -> #REF! | F13: =IF((COUNTIFS(#REF!,"LayerZero",#REF!,1))=0,0,(COUNTIFS(#REF!,"LayerZero",#REF!,1,#REF!,"<>"))/(COUNTIFS(#REF!,"LayerZero",#REF!,1))) -> #REF!
A14: Locked Ether | B14: =IF((COUNTIFS(#REF!,"CCIP",#REF!,1))=0,0,(COUNTIFS(#REF!,"CCIP",#REF!,1,#REF!,"<>"))/(COUNTIFS(#REF!,"CCIP",#REF!,1))) -> #REF! | C14: =IF((COUNTIFS(#REF!,"Axelar",#REF!,1))=0,0,(COUNTIFS(#REF!,"Axelar",#REF!,1,#REF!,"<>"))/(COUNTIFS(#REF!,"Axelar",#REF!,1))) -> #REF! | D14: =IF((COUNTIFS(#REF!,"Hyperlane",#REF!,1))=0,0,(COUNTIFS(#REF!,"Hyperlane",#REF!,1,#REF!,"<>"))/(COUNTIFS(#REF!,"Hyperlane",#REF!,1))) -> #REF! | E14: =IF((COUNTIFS(#REF!,"Wormhole",#REF!,1))=0,0,(COUNTIFS(#REF!,"Wormhole",#REF!,1,#REF!,"<>"))/(COUNTIFS(#REF!,"Wormhole",#REF!,1))) -> #REF! | F14: =IF((COUNTIFS(#REF!,"LayerZero",#REF!,1))=0,0,(COUNTIFS(#REF!,"LayerZero",#REF!,1,#REF!,"<>"))/(COUNTIFS(#REF!,"LayerZero",#REF!,1))) -> #REF!
A15: Ether Leak | B15: =IF((COUNTIFS(#REF!,"CCIP",#REF!,1))=0,0,(COUNTIFS(#REF!,"CCIP",#REF!,1,#REF!,"<>"))/(COUNTIFS(#REF!,"CCIP",#REF!,1))) -> #REF! | C15: =IF((COUNTIFS(#REF!,"Axelar",#REF!,1))=0,0,(COUNTIFS(#REF!,"Axelar",#REF!,1,#REF!,"<>"))/(COUNTIFS(#REF!,"Axelar",#REF!,1))) -> #REF! | D15: =IF((COUNTIFS(#REF!,"Hyperlane",#REF!,1))=0,0,(COUNTIFS(#REF!,"Hyperlane",#REF!,1,#REF!,"<>"))/(COUNTIFS(#REF!,"Hyperlane",#REF!,1))) -> #REF! | E15: =IF((COUNTIFS(#REF!,"Wormhole",#REF!,1))=0,0,(COUNTIFS(#REF!,"Wormhole",#REF!,1,#REF!,"<>"))/(COUNTIFS(#REF!,"Wormhole",#REF!,1))) -> #REF! | F15: =IF((COUNTIFS(#REF!,"LayerZero",#REF!,1))=0,0,(COUNTIFS(#REF!,"LayerZero",#REF!,1,#REF!,"<>"))/(COUNTIFS(#REF!,"LayerZero",#REF!,1))) -> #REF!

Sheet Agreement_Comparison
A1: Mythril vs MAIAN Agreement — All Protocols
A3: Protocol | B3: Both Flag | C3: Only MAIAN | D3: Only Mythril | E3: Neither | F3: Jaccard Index
A4: CCIP | B4: =COUNTIFS(#REF!,A4,#REF!,1,#REF!,1,#REF!,1) -> #REF! | C4: =COUNTIFS(#REF!,A4,#REF!,1,#REF!,1,#REF!,0) -> #REF! | D4: =COUNTIFS(#REF!,A4,#REF!,1,#REF!,0,#REF!,1) -> #REF! | E4: =COUNTIFS(#REF!,A4,#REF!,1,#REF!,0,#REF!,0) -> #REF! | F4: =IF(B4+C4+D4=0,0,B4/(B4+C4+D4)) -> #REF!
A5: Axelar | B5: =COUNTIFS(#REF!,A5,#REF!,1,#REF!,1,#REF!,1) -> #REF! | C5: =COUNTIFS(#REF!,A5,#REF!,1,#REF!,1,#REF!,0) -> #REF! | D5: =COUNTIFS(#REF!,A5,#REF!,1,#REF!,0,#REF!,1) -> #REF! | E5: =COUNTIFS(#REF!,A5,#REF!,1,#REF!,0,#REF!,0) -> #REF! | F5: =IF(B5+C5+D5=0,0,B5/(B5+C5+D5)) -> #REF!
A6: Hyperlane | B6: =COUNTIFS(#REF!,A6,#REF!,1,#REF!,1,#REF!,1) -> #REF! | C6: =COUNTIFS(#REF!,A6,#REF!,1,#REF!,1,#REF!,0) -> #REF! | D6: =COUNTIFS(#REF!,A6,#REF!,1,#REF!,0,#REF!,1) -> #REF! | E6: =COUNTIFS(#REF!,A6,#REF!,1,#REF!,0,#REF!,0) -> #REF! | F6: =IF(B6+C6+D6=0,0,B6/(B6+C6+D6)) -> #REF!
A7: Wormhole | B7: =COUNTIFS(#REF!,A7,#REF!,1,#REF!,1,#REF!,1) -> #REF! | C7: =COUNTIFS(#REF!,A7,#REF!,1,#REF!,1,#REF!,0) -> #REF! | D7: =COUNTIFS(#REF!,A7,#REF!,1,#REF!,0,#REF!,1) -> #REF! | E7: =COUNTIFS(#REF!,A7,#REF!,1,#REF!,0,#REF!,0) -> #REF! | F7: =IF(B7+C7+D7=0,0,B7/(B7+C7+D7)) -> #REF!
A8: LayerZero | B8: =COUNTIFS(#REF!,A8,#REF!,1,#REF!,1,#REF!,1) -> #REF! | C8: =COUNTIFS(#REF!,A8,#REF!,1,#REF!,1,#REF!,0) -> #REF! | D8: =COUNTIFS(#REF!,A8,#REF!,1,#REF!,0,#REF!,1) -> #REF! | E8: =COUNTIFS(#REF!,A8,#REF!,1,#REF!,0,#REF!,0) -> #REF! | F8: =IF(B8+C8+D8=0,0,B8/(B8+C8+D8)) -> #REF!

Sheet Key_Findings
A1: Cross-Protocol Key Findings
A3: ="1. Analysis coverage varies widely: analyzed rate ranges from "&TEXT(MIN(Protocol_Comparison!J4:J8),"0.0%")&" to "&TEXT(MAX(Protocol_Comparison!J4:J8),"0.0%")&" of queried addresses across the 5 protocols - most queried bridge addresses are not deployed contracts with recorded detections." -> #REF!
A4: ="2. LayerZero is the only protocol where analyzed contracts are not universally flagged: its overall-vulnerable rate is "&TEXT(Protocol_Comparison!F8,"0.0%")&", versus 100% for CCIP, Axelar, Hyperlane and Wormhole." -> #REF!
A5: ="3. MAIAN (Locked Ether / Ether Leak) is consistently the higher-firing tool: its flag rate meets or exceeds Mythril's flag rate in every one of the 5 protocols." -> 3. MAIAN (Locked Ether / Ether Leak) is consistently the higher-firing tool: its flag rate meets or exceeds Mythril's flag rate in every one of the 5 protocols.
A6: ="4. Tool agreement (Jaccard) swings from "&TEXT(MIN(Protocol_Comparison!I4:I8),"0.0000")&" ("&INDEX(Protocol_Comparison!A4:A8,MATCH(MIN(Protocol_Comparison!I4:I8),Protocol_Comparison!I4:I8,0))&") to "&TEXT(MAX(Protocol_Comparison!I4:I8),"0.0000")&" ("&INDEX(Protocol_Comparison!A4:A8,MATCH(MAX(Protocol_Comparison!I4:I8),Protocol_Comparison!I4:I8,0))&") - Mythril and MAIAN catch largely different contracts on some bridges and nearly the same ones on others." -> #REF!
A7: =_xlfn._LONGTEXT("5. Only Mythril and MAIAN produced any detections across all 5 datasets; Reentrancy, Access Control, Delegatecall, Unchecked Call, TOD, DoS and Selfdestruct show zero hits everywhere in this bytecode run - Slither/Oyente/Osiris coverage remains an open it","em for the full pipeline.") -> 5. Only Mythril and MAIAN produced any detections across all 5 datasets; Reentrancy, Access Control, Delegatecall, Unchecked Call, TOD, DoS and Selfdestruct show zero hits everywhere in this bytecode run - Slither/Oyente/Osiris coverage remains an open item for the full pipeline.
A8: ="6. Wormhole shows Mythril covering an extra category (Timestamp) not seen elsewhere; every other protocol's Mythril detections are Integer-only." -> 6. Wormhole shows Mythril covering an extra category (Timestamp) not seen elsewhere; every other protocol's Mythril detections are Integer-only.
